{"epochs": [1, 2, 3, 4, 5, 6], "train_loss": [0.08284558365580937, 0.03423291984520232, 0.027097635221279538, 0.023109152059815823, 0.020655211375514047, 0.018607131085901833], "val_loss": [0.02592544181346893, 0.020026340448111295, 0.01691016177088022, 0.01680364165715873, 0.015927910535782575, 0.01595226179715246], "val_acc": [0.992175, 0.993575, 0.995425, 0.99495, 0.99475, 0.9955], "class_names": ["0", "1", "2", "3", "4", "5", "6", "7", "8", "9"], "confusion_matrix": [[3986, 3, 0, 0, 2, 1, 1, 1, 3, 3], [0, 3990, 4, 0, 2, 0, 0, 3, 1, 0], [2, 3, 3985, 5, 1, 0, 0, 1, 2, 1], [0, 1, 7, 3966, 0, 10, 0, 1, 11, 4], [2, 0, 0, 0, 3984, 0, 2, 4, 1, 7], [1, 0, 0, 7, 0, 3981, 2, 1, 2, 6], [6, 1, 2, 0, 2, 1, 3987, 0, 1, 0], [1, 3, 7, 1, 3, 0, 0, 3976, 0, 9], [2, 2, 0, 4, 1, 3, 1, 3, 3971, 13], [0, 0, 0, 0, 4, 0, 0, 2, 0, 3994]], "confusion_matrix_norm": [[0.9964999999997509, 0.0007499999999998124, 0.0, 0.0, 0.000499999999999875, 0.0002499999999999375, 0.0002499999999999375, 0.0002499999999999375, 0.0007499999999998124, 0.0007499999999998124], [0.0, 0.9974999999997506, 0.00099999999999975, 0.0, 0.000499999999999875, 0.0, 0.0, 0.0007499999999998124, 0.0002499999999999375, 0.0], [0.000499999999999875, 0.0007499999999998124, 0.996249999999751, 0.0012499999999996876, 0.0002499999999999375, 0.0, 0.0, 0.0002499999999999375, 0.000499999999999875, 0.0002499999999999375], [0.0, 0.0002499999999999375, 0.0017499999999995625, 0.9914999999997521, 0.0, 0.002499999999999375, 0.0, 0.0002499999999999375, 0.0027499999999993125, 0.00099999999999975], [0.000499999999999875, 0.0, 0.0, 0.0, 0.995999999999751, 0.0, 0.000499999999999875, 0.00099999999999975, 0.0002499999999999375, 0.0017499999999995625], [0.0002499999999999375, 0.0, 0.0, 0.0017499999999995625, 0.0, 0.9952499999997512, 0.000499999999999875, 0.0002499999999999375, 0.000499999999999875, 0.001499999999999625], [0.001499999999999625, 0.0002499999999999375, 0.000499999999999875, 0.0, 0.000499999999999875, 0.0002499999999999375, 0.9967499999997508, 0.0, 0.0002499999999999375, 0.0], [0.0002499999999999375, 0.0007499999999998124, 0.0017499999999995625, 0.0002499999999999375, 0.0007499999999998124, 0.0, 0.0, 0.9939999999997515, 0.0, 0.0022499999999994373], [0.000499999999999875, 0.000499999999999875, 0.0, 0.00099999999999975, 0.0002499999999999375, 0.0007499999999998124, 0.0002499999999999375, 0.0007499999999998124, 0.9927499999997518, 0.0032499999999991876], [0.0, 0.0, 0.0, 0.0, 0.00099999999999975, 0.0, 0.0, 0.000499999999999875, 0.0, 0.9984999999997504]], "per_class": {"precision": [0.9965, 0.9967524356732451, 0.9950062421972534, 0.9957318604067286, 0.9962490622655664, 0.9962462462462462, 0.9984973703981969, 0.9959919839679359, 0.9947394789579158, 0.9893485261332673], "recall": [0.9965, 0.9975, 0.99625, 0.9915, 0.996, 0.99525, 0.99675, 0.994, 0.99275, 0.9985], "f1": [0.9965, 0.9971260777208547, 0.995627732667083, 0.9936114242765878, 0.9961245155644456, 0.9957478739369685, 0.9976229200550482, 0.994994994994995, 0.9937437437437437, 0.9939031977105885], "support": [4000.0, 4000.0, 4000.0, 4000.0, 4000.0, 4000.0, 4000.0, 4000.0, 4000.0, 4000.0]}}